USE cc_expense_claims_system;

-- POPULATE COMPANY OPTIONS
INSERT INTO company (name)
VALUES 
	('CCSCU - BANKING'),
	('CCFM - FINANCIAL MGMT'),
	('TFL - TRAVELERS FINANCE LTD');

-- POPULATE EMPLOYEE TABLE
INSERT INTO employee
VALUES
    (1,'JaVale','McGee','jmcgee@domain.ca','pw123',NULL,1),
    (2,'Kyrie','Irving','kirving@domain.ca','pw123',1,1),
    (3,'Dwyane','Wade','dwade@domain.ca','pw123',2,0),
    (4,'J.J.','Redick','jredick@domain.ca','pw123',2,0),
    (5,'Courtney','Lee','clee@domain.ca','pw123',2,0),
    (6,'DeAndre','Jordan','djordan@domain.ca','pw123',2,0),
    (7,'Jeremy','Lin','jlin@domain.ca','pw123',2,0),
    (8,'Kobe','Bryant','kbryant@domain.ca','pw123',2,0),
    (9,'Serge','Ibaka','sibaka@domain.ca','pw123',2,0),
    (10,'DeMar','DeRozan','dderozan@domain.ca','pw123',2,0),
    (11,'Klay','Thompson','kthompson@domain.ca','pw123',2,0),
    (12,'Luc','Mbah a Moute','lmbah a moute@domain.ca','pw123',2,0),
    (13,'James','Harden','jharden@domain.ca','pw123',2,0),
    (14,'Ish','Smith','ismith@domain.ca','pw123',2,0),
    (15,'Vince','Carter','vcarter@domain.ca','pw123',2,0),
    (16,'Toney','Douglas','tdouglas@domain.ca','pw123',2,0),
    (17,'P.J.','Tucker','ptucker@domain.ca','pw123',2,0),
    (18,'Sasha','Vujacic','svujacic@domain.ca','pw123',2,0),
    (19,'Beno','Udrih','budrih@domain.ca','pw123',2,0),
    (20,'Justise','Winslow','jwinslow@domain.ca','pw123',2,0),
    (21,'Greivis','Vasquez','gvasquez@domain.ca','pw123',2,0),
    (22,'Derrick','Williams','dwilliams@domain.ca','pw123',2,0),
    (23,'Deyonta','Davis','ddavis@domain.ca','pw123',2,0),
    (24,'Buddy','Hield','bhield@domain.ca','pw123',2,0),
    (25,'Reggie','Bullock','rbullock@domain.ca','pw123',2,0),
    (26,'Kyle','Korver','kkorver@domain.ca','pw123',2,0),
    (27,'Rudy','Gobert','rgobert@domain.ca','pw123',2,0),
    (28,'Tarik','Black','tblack@domain.ca','pw123',2,0),
    (29,'Patricio','Garino','pgarino@domain.ca','pw123',2,0),
    (30,'Stephen','Curry','scurry@domain.ca','pw123',2,0),
    (31,'Terrence','Ross','tross@domain.ca','pw123',2,0),
    (32,'Tyreke','Evans','tevans@domain.ca','pw123',2,0),
    (33,'Trey','Burke','tburke@domain.ca','pw123',2,0),
    (34,'Jeff','Green','jgreen@domain.ca','pw123',2,0),
    (35,'Kevin','Durant','kdurant@domain.ca','pw123',1,1),
    (36,'Shawn','Long','slong@domain.ca','pw123',35,0),
    (37,'Metta World','Peace','mpeace@domain.ca','pw123',35,0),
    (38,'Broom','Cabinet','bcabinet@domain.ca','pw123',35,0),
    (39,'Jerami','Grant','jgrant@domain.ca','pw123',35,0),
    (40,'Ivica','Zubac','izubac@domain.ca','pw123',35,0),
    (41,'Juan','Hernangomez','jhernangomez@domain.ca','pw123',35,0),
    (42,'Nene','Hilario','nhilario@domain.ca','pw123',35,0),
    (43,'Kris','Humphries','khumphries@domain.ca','pw123',35,0),
    (44,'Solomon','Hill','shill@domain.ca','pw123',35,0),
    (45,'Denzel','Valentine','dvalentine@domain.ca','pw123',35,0),
    (46,'Whenin','Rome','wrome@domain.ca','pw123',35,0),
    (47,'Tiago','Splitter','tsplitter@domain.ca','pw123',35,0),
    (48,'Fallonye','Phace','fphace@domain.ca','pw123',35,0),
    (49,'Harry','Potter','hpotter@domain.ca','pw123',35,0),
    (50,'Susan','Boyle','sboyle@domain.ca','pw123',35,0),
    (51,'Salah','Mejri','smejri@domain.ca','pw123',50,0),
    (52,'Boban','Marjanovic','bmarjanovic@domain.ca','pw123',51,0),
    (53,'Kevin','Onion','konion@domain.ca','pw123',52,0),
    (54,'Walters','White','wwhite@domain.ca','pw123',53,0),
    (55,'Patrick','Patterson','ppatterson@domain.ca','pw123',54,0),
    (56,'Pierre','Jackson','pjackson@domain.ca','pw123',55,0),
    (57,'Kell','Alspiders','kalspiders@domain.ca','pw123',56,0),
    (58,'Lindsay','Whalen','lwhalen@domain.ca','pw123',57,0),
    (59,'Moriah','Jefferson','mjefferson@domain.ca','pw123',58,0),
    (60,'Briann','January','bjanuary@domain.ca','pw123',59,0),
    (61,'Tayler','Hill','thill@domain.ca','pw123',60,0),
    (62,'Odyssey','Sims','osims@domain.ca','pw123',60,0),
    (63,'Tiffany','Hayes','thayes@domain.ca','pw123',60,0),
    (64,'Celery','Wang','cwang@domain.ca','pw123',60,0),
    (65,'Givmi','Monni','gmonni@domain.ca','pw123',60,0),
    (66,'Mike','Rose','mrose@domain.ca','pw123',60,0),
    (67,'Sue','Bird','sbird@domain.ca','pw123',60,0),
    (68,'Farhiya','Abdi','fabdi@domain.ca','pw123',60,0),
    (69,'Ian','Ion','iion@domain.ca','pw123',60,0),
    (70,'Dud','Stark','dstark@domain.ca','pw123',60,0),
    (71,'Harry','Bob','hbob@domain.ca','pw123',60,0),
    (72,'Rainbow','Anderson','randerson@domain.ca','pw123',60,0),
    (73,'Wayne','Gretzky','wgretzky@domain.ca','pw123',60,0),
    (74,'Jill','Garner','jgarner@domain.ca','pw123',60,0),
    (75,'Orange','Li','oli@domain.ca','pw123',60,0),
    (76,'Bruce','Lee','blee@domain.ca','pw123',60,0),
    (77,'Leslie','Chow','lchow@domain.ca','pw123',60,0),
    (78,'Bryce','Rice','brice@domain.ca','pw123',60,0),
    (79,'Ryan','Kesler','rkesler@domain.ca','pw123',60,0),
    (80,'Sidney','Crosby','scrosby@domain.ca','pw123',60,0),
    (81,'Daniel','Sedin','dsedin@domain.ca','pw123',80,0),
    (82,'Tom','Brady','tbrady@domain.ca','pw123',80,0),
    (83,'Alexander','Ovechkin','aovechkin@domain.ca','pw123',80,0),
    (84,'Gordie','Howe','ghowe@domain.ca','pw123',80,0),
    (85,'Mario','Lemieux','mlemieux@domain.ca','pw123',80,0),
    (86,'Jimmy','Connors','jconnors@domain.ca','pw123',80,0),
    (87,'Ivan','Lendi','ilendi@domain.ca','pw123',80,0),
    (88,'Bjorn','Borg','bborg@domain.ca','pw123',80,0),
    (89,'Novak','Djokovic','ndjokovic@domain.ca','pw123',80,0),
    (90,'Pete','Sampras','psampras@domain.ca','pw123',80,0),
    (91,'Rafael','Nadal','rnadal@domain.ca','pw123',80,0),
    (92,'Roger','Federer','rfederer@domain.ca','pw123',80,0),
    (93,'Kim','Kardashian','kkardashian@domain.ca','pw123',80,0),
    (94,'Brittney','Spears','bspears@domain.ca','pw123',80,0),
    (95,'Miley','Cyrus','mcyrus@domain.ca','pw123',80,0),
    (96,'Kenny','Omega','komega@domain.ca','pw123',80,0),
    (97,'Roman','Reigns','rreigns@domain.ca','pw123',80,0),
    (98,'John','Cena','jcena@domain.ca','pw123',80,0),
    (99,'Keith','Lee','klee@domain.ca','pw123',80,0),
    (100,'Dwayne','Johnson','djohnson@domain.ca','pw123',80,0),
    (101,'Rhett','Olenov','rolenov@domain.ca','pw123',100,0),
    (102,'Melania','MacGilfoyle','mmacgilfoyle@domain.ca','pw123',100,0),
    (103,'Pamela','Butland','pbutland@domain.ca','pw123',100,0),
    (104,'Ebony','Webber','ewebber@domain.ca','pw123',100,0),
    (105,'Ranee','Pocke','rpocke@domain.ca','pw123',100,0),
    (106,'Maurits','Ottee','mottee@domain.ca','pw123',100,0),
    (107,'Albertina','Vanichkin','avanichkin@domain.ca','pw123',100,0),
    (108,'Axel','Leal','aleal@domain.ca','pw123',100,0),
    (109,'Price','Leadbetter','pleadbetter@domain.ca','pw123',100,0),
    (110,'Flemming','Hupka','fhupka@domain.ca','pw123',100,0),
    (111,'Pollyanna','Witson','pwitson@domain.ca','pw123',100,0),
    (112,'Wake','Cranney','wcranney@domain.ca','pw123',100,0),
    (113,'Turner','Attwood','tattwood@domain.ca','pw123',100,0),
    (114,'Violetta','Tillett','vtillett@domain.ca','pw123',100,0),
    (115,'Barbaraanne','Antonik','bantonik@domain.ca','pw123',100,0),
    (116,'Adolf','Kurt','akurt@domain.ca','pw123',100,0),
    (117,'Frasco','Allden','fallden@domain.ca','pw123',100,0),
    (118,'Wanda','Allender','wallender@domain.ca','pw123',100,0),
    (119,'Kristi','Simmen','ksimmen@domain.ca','pw123',100,0),
    (120,'Jocelyn','McComas','jmccomas@domain.ca','pw123',100,0),
    (121,'Cassandra','Nulty','cnulty@domain.ca','pw123',100,0),
    (122,'Janene','Ditzel','jditzel@domain.ca','pw123',100,0),
    (123,'Vinny','Swatheridge','vswatheridge@domain.ca','pw123',100,0),
    (124,'Reeva','Frentz','rfrentz@domain.ca','pw123',100,0),
    (125,'Jacky','Duckfield','jduckfield@domain.ca','pw123',100,0),
    (126,'Gasper','Stitt','gstitt@domain.ca','pw123',100,0),
    (127,'Roddy','Rushby','rrushby@domain.ca','pw123',100,0),
    (128,'Brigida','O''Rourke','bo''rourke@domain.ca','pw123',100,0),
    (129,'Gabriela','Lammerding','glammerding@domain.ca','pw123',100,0),
    (130,'Robb','Ethelstone','rethelstone@domain.ca','pw123',1,1),
    (131,'Fanny','Hardage','fhardage@domain.ca','pw123',130,0),
    (132,'Chrystel','Peaple','cpeaple@domain.ca','pw123',130,0),
    (133,'Quentin','Cheatle','qcheatle@domain.ca','pw123',130,0),
    (134,'Sheba','Ragdale','sragdale@domain.ca','pw123',130,0),
    (135,'Mercedes','Crass','mcrass@domain.ca','pw123',130,0),
    (136,'Barb','Schild','bschild@domain.ca','pw123',130,0),
    (137,'Care','Reijmers','creijmers@domain.ca','pw123',130,0),
    (138,'Yvette','Johnson','yjohnson@domain.ca','pw123',130,0),
    (139,'Barbara','Shiltz','bshiltz@domain.ca','pw123',130,0),
    (140,'Angela','Hale','ahale@domain.ca','pw123',130,0),
    (141,'Hollie','Canfield','hcanfield@domain.ca','pw123',130,0),
    (142,'Broddy','Tripean','btripean@domain.ca','pw123',130,0),
    (143,'Lynette','Scurry','lscurry@domain.ca','pw123',130,0),
    (144,'Mathe','Skelbeck','mskelbeck@domain.ca','pw123',130,0),
    (145,'Smitty','Sergean','ssergean@domain.ca','pw123',130,0),
    (146,'Colas','Christie','cchristie@domain.ca','pw123',130,0),
    (147,'Benni','McSporon','bmcsporon@domain.ca','pw123',130,0),
    (148,'Rozelle','Rablen','rrablen@domain.ca','pw123',130,0),
    (149,'Doy','Timlett','dtimlett@domain.ca','pw123',130,0),
    (150,'Jemmy','Gilffilland','jgilffilland@domain.ca','pw123',130,0),
    (151,'Bordie','Hambly','bhambly@domain.ca','pw123',130,0),
    (152,'Spike','Folan','sfolan@domain.ca','pw123',130,0),
    (153,'Cherish','Holtum','choltum@domain.ca','pw123',130,0),
    (154,'Cailin','Humphrey','chumphrey@domain.ca','pw123',130,0),
    (155,'Signe','Castro','scastro@domain.ca','pw123',130,0),
    (156,'Chava','Bates','cbates@domain.ca','pw123',130,0),
    (157,'Carolyn','Sims','csims@domain.ca','pw123',130,0),
    (158,'Briar','Hess','bhess@domain.ca','pw123',130,0),
    (159,'Beverly','Perkins','bperkins@domain.ca','pw123',130,0),
    (160,'Kai','Morris','kmorris@domain.ca','pw123',130,0),
    (161,'Jana','Butler','jbutler@domain.ca','pw123',160,0),
    (162,'Ima','Fleming','ifleming@domain.ca','pw123',160,0),
    (163,'Nina','Kennedy','nkennedy@domain.ca','pw123',160,0),
    (164,'Alyssa','Best','abest@domain.ca','pw123',160,0),
    (165,'Marah','Christensen','mchristensen@domain.ca','pw123',160,0),
    (166,'Ruby','Johnston','rjohnston@domain.ca','pw123',160,0),
    (167,'Imelda','Noel','inoel@domain.ca','pw123',160,0),
    (168,'Hilda','Langley','hlangley@domain.ca','pw123',160,0),
    (169,'Kameko','Pace','kpace@domain.ca','pw123',160,0),
    (170,'Cynthia','Wolf','cwolf@domain.ca','pw123',160,0),
    (171,'Alice','Patton','apatton@domain.ca','pw123',160,0),
    (172,'Ainsley','Mcdonald','amcdonald@domain.ca','pw123',160,0),
    (173,'Madaline','Daugherty','mdaugherty@domain.ca','pw123',160,0),
    (174,'Amelia','Black','ablack@domain.ca','pw123',160,0),
    (175,'Madaline','Gibson','mgibson@domain.ca','pw123',160,0),
    (176,'Jenette','Battle','jbattle@domain.ca','pw123',160,0),
    (177,'Kalia','Hester','khester@domain.ca','pw123',160,0),
    (178,'Basia','Norris','bnorris@domain.ca','pw123',160,0),
    (179,'Odessa','Sears','osears@domain.ca','pw123',160,0),
    (180,'Camilla','Cardenas','ccardenas@domain.ca','pw123',160,0),
    (181,'Winter','Grant','wgrant@domain.ca','pw123',160,0),
    (182,'Bell','Henson','bhenson@domain.ca','pw123',160,0),
    (183,'Dora','Chan','dchan@domain.ca','pw123',160,0),
    (184,'Imogene','Kirk','ikirk@domain.ca','pw123',160,0),
    (185,'Germaine','Lane','glane@domain.ca','pw123',160,0),
    (186,'Ria','Sweet','rsweet@domain.ca','pw123',160,0),
    (187,'Madonna','Avila','mavila@domain.ca','pw123',160,0),
    (188,'Johnny','Depp','jdepp@domain.ca','pw123',160,0),
    (189,'Tom','Hanks','thanks@domain.ca','pw123',160,0),
    (190,'Brad','Pitt','bpitt@domain.ca','pw123',1,1),
    (191,'Christian','Bale','cbale@domain.ca','pw123',1,1),
    (192,'Morgan','Freeman','mfreeman@domain.ca','pw123',1,1),
    (193,'Julia','Roberts','jroberts@domain.ca','pw123',1,1),
    (194,'Jennifer','Lawrence','jlawrence@domain.ca','pw123',1,1),
    (195,'Scarlett','Johansson','sjohansson@domain.ca','pw123',1,1),
    (196,'Amy','Adams','aadams@domain.ca','pw123',1,1),
    (197,'Betty','White','bwhite@domain.ca','pw123',1,1);

-- POPULATE COST CENTRES
INSERT INTO cost_centre
VALUES
    (0000),
    (0001),
    (0002),
    (0003),
    (0006),
    (0007),
    (0008),
    (0011),
    (0015),
    (0018),
    (0020),
    (0021),
    (0022),
    (0024),
    (0025),
    (0115),
    (0154),
    (0500),
    (0505),
    (0515),
    (0518),
    (0520),
    (0521),
    (0522),
    (0530),
    (0531),
    (0532),
    (0533),
    (0534),
    (0535),
    (0536),
    (0537),
    (0538),
    (0550),
    (0551),
    (0570),
    (0571),
    (0572),
    (0573),
    (0574),
    (0580),
    (0582),
    (0584),
    (0586),
    (0587),
    (0590),
    (0600),
    (0610),
    (0615),
    (0622),
    (0625),
    (0640),
    (0650),
    (0652),
    (0654),
    (0670),
    (0672),
    (0680),
    (0682),
    (0683),
    (0684),
    (0685),
    (0690),
    (0702),
    (0704),
    (0705),
    (0730),
    (0737),
    (0738),
    (0740),
    (0741),
    (0742),
    (0743),
    (0750),
    (0754),
    (0756),
    (0760),
    (0765),
    (0770),
    (0772),
    (0774),
    (0776),
    (0780),
    (0782),
    (0784),
    (0786),
    (0788),
    (0790);

-- SET UP MANAGER APPROVAL LIMITS
INSERT INTO employee_cost_centre (employee_id, cost_centre_id, approval_limit)
VALUES
    (1,0000,5000.00),
    (37,0001,20000.00),
    (39,0001,5000.00),
    (37,0002,20000.00),
    (78,0002,5000.00),
    (1,0003,10000.00),
    (3,0003,5000.00),
    (29,0003,5000.00),
    (37,0003,20000.00),
    (47,0003,10000.00),
    (52,0003,5000.00),
    (88,0003,1000.00),
    (95,0003,5000.00),
    (1,0006,5000.00),
    (17,0006,5000.00),
    (25,0006,5000.00),
    (99,0006,20000.00),
    (1,0007,5000.00),
    (25,0007,5000.00),
    (99,0007,20000.00),
    (65,0008,NULL),
    (99,0008,20000.00),
    (137,0008,5000.00),
    (157,0008,5000.00),
    (42,0011,5000.00),
    (84,0011,5000.00),
    (99,0011,20000.00),
    (83,0015,5000.00),
    (122,0015,5000.00),
    (18,0018,20000.00),
    (136,0018,10000.00),
    (145,0018,1000.00),
    (1,0020,1000.00),
    (16,0020,10000.00),
    (59,0020,5000.00),
    (66,0020,5000.00),
    (85,0020,NULL),
    (136,0020,10000.00),
    (155,0020,5000.00),
    (158,0020,NULL),
    (1,0021,5000.00),
    (31,0021,5000.00),
    (56,0021,1000.00),
    (57,0021,10000.00),
    (66,0021,5000.00),
    (70,0021,10000.00),
    (77,0021,5000.00),
    (85,0021,NULL),
    (136,0021,10000.00),
    (142,0021,5000.00),
    (155,0021,5000.00),
    (158,0021,NULL),
    (180,0021,20000.00),
    (1,0022,10000.00),
    (14,0022,5000.00),
    (16,0022,10000.00),
    (48,0022,1000.00),
    (61,0022,1000.00),
    (71,0022,1000.00),
    (109,0022,1000.00),
    (114,0022,1000.00),
    (115,0022,5000.00),
    (127,0022,10000.00),
    (135,0022,NULL),
    (138,0022,1000.00),
    (143,0022,10000.00),
    (170,0022,5000.00),
    (178,0022,1000.00),
    (180,0022,20000.00),
    (1,0024,5000.00),
    (27,0024,750.00),
    (36,0024,750.00),
    (66,0024,5000.00),
    (136,0024,10000.00),
    (155,0024,5000.00),
    (180,0024,20000.00),
    (1,0025,1000.00),
    (66,0025,5000.00),
    (136,0025,10000.00),
    (155,0025,5000.00),
    (180,0025,20000.00),
    (1,0115,1000.00),
    (1,0154,1000.00),
    (107,0500,NULL),
    (35,0505,20000.00),
    (106,0505,NULL),
    (24,0515,NULL),
    (33,0515,20000.00),
    (54,0515,20000.00),
    (37,0518,20000.00),
    (64,0518,5000.00),
    (100,0518,20000.00),
    (169,0520,20000.00),
    (169,0521,20000.00),
    (173,0521,1000.00),
    (181,0521,5000.00),
    (6,0522,5000.00),
    (32,0522,5000.00),
    (92,0522,1000.00),
    (94,0522,15000.00),
    (104,0522,1000.00),
    (108,0522,5000.00),
    (110,0522,1000.00),
    (117,0522,5000.00),
    (118,0522,10000.00),
    (131,0522,5000.00),
    (140,0522,1000.00),
    (141,0522,5000.00),
    (149,0522,5000.00),
    (159,0522,5000.00),
    (161,0522,15000.00),
    (169,0522,20000.00),
    (173,0522,1000.00),
    (181,0522,5000.00),
    (41,0530,5000.00),
    (53,0530,1000.00),
    (62,0530,5000.00),
    (87,0530,5000.00),
    (126,0530,NULL),
    (133,0530,5000.00),
    (161,0530,15000.00),
    (169,0530,20000.00),
    (171,0530,5000.00),
    (41,0531,5000.00),
    (53,0531,1000.00),
    (62,0531,1000.00),
    (87,0531,5000.00),
    (133,0531,5000.00),
    (161,0531,15000.00),
    (169,0531,20000.00),
    (171,0531,5000.00),
    (41,0532,5000.00),
    (53,0532,1000.00),
    (62,0532,1000.00),
    (87,0532,5000.00),
    (133,0532,5000.00),
    (161,0532,15000.00),
    (169,0532,20000.00),
    (171,0532,5000.00),
    (41,0533,5000.00),
    (53,0533,1000.00),
    (62,0533,1000.00),
    (87,0533,5000.00),
    (133,0533,5000.00),
    (161,0533,15000.00),
    (169,0533,20000.00),
    (171,0533,5000.00),
    (41,0534,5000.00),
    (53,0534,1000.00),
    (62,0534,1000.00),
    (87,0534,5000.00),
    (133,0534,5000.00),
    (161,0534,15000.00),
    (169,0534,20000.00),
    (171,0534,5000.00),
    (41,0535,5000.00),
    (53,0535,1000.00),
    (62,0535,1000.00),
    (87,0535,5000.00),
    (133,0535,5000.00),
    (161,0535,15000.00),
    (169,0535,20000.00),
    (171,0535,5000.00),
    (41,0536,5000.00),
    (53,0536,1000.00),
    (62,0536,1000.00),
    (87,0536,5000.00),
    (133,0536,5000.00),
    (161,0536,15000.00),
    (169,0536,20000.00),
    (171,0536,5000.00),
    (41,0537,5000.00),
    (53,0537,1000.00),
    (62,0537,1000.00),
    (87,0537,5000.00),
    (133,0537,5000.00),
    (161,0537,15000.00),
    (169,0537,20000.00),
    (171,0537,5000.00),
    (2,0538,NULL),
    (41,0538,5000.00),
    (53,0538,1000.00),
    (62,0538,1000.00),
    (79,0538,5000.00),
    (87,0538,5000.00),
    (133,0538,5000.00),
    (161,0538,15000.00),
    (169,0538,20000.00),
    (171,0538,5000.00),
    (1,0550,20000.00),
    (58,0550,10000.00),
    (1,0551,20000.00),
    (15,0551,5000.00),
    (58,0551,10000.00),
    (73,0551,5000.00),
    (75,0551,5000.00),
    (105,0551,10000.00),
    (113,0551,5000.00),
    (119,0551,5000.00),
    (156,0551,5000.00),
    (174,0551,5000.00),
    (176,0551,5000.00),
    (1,0570,20000.00),
    (58,0570,10000.00),
    (1,0571,20000.00),
    (58,0571,10000.00),
    (96,0571,5000.00),
    (113,0571,5000.00),
    (1,0572,20000.00),
    (58,0572,10000.00),
    (75,0572,5000.00),
    (113,0572,5000.00),
    (1,0573,20000.00),
    (58,0573,10000.00),
    (113,0573,5000.00),
    (1,0574,20000.00),
    (38,0574,5000.00),
    (58,0574,10000.00),
    (113,0574,5000.00),
    (11,0580,5000.00),
    (13,0580,5000.00),
    (112,0580,5000.00),
    (20,0582,5000.00),
    (74,0582,1000.00),
    (111,0582,1000.00),
    (55,0584,5000.00),
    (11,0586,5000.00),
    (112,0587,5000.00),
    (1,0590,20000.00),
    (43,0590,5000.00),
    (37,0600,20000.00),
    (22,0610,10000.00),
    (37,0610,20000.00),
    (63,0610,5000.00),
    (128,0610,5000.00),
    (152,0610,5000.00),
    (154,0610,10000.00),
    (1,0615,5000.00),
    (54,0615,20000.00),
    (123,0615,10000.00),
    (22,0622,10000.00),
    (37,0622,20000.00),
    (82,0622,5000.00),
    (154,0622,10000.00),
    (22,0625,10000.00),
    (28,0625,5000.00),
    (37,0625,20000.00),
    (45,0625,5000.00),
    (154,0625,10000.00),
    (54,0640,20000.00),
    (180,0650,20000.00),
    (16,0652,10000.00),
    (66,0652,5000.00),
    (1,0654,10000.00),
    (16,0654,NULL),
    (127,0654,10000.00),
    (143,0654,10000.00),
    (180,0654,20000.00),
    (81,0670,20000.00),
    (1,0672,5000.00),
    (151,0672,10000.00),
    (30,0680,20000.00),
    (97,0680,20000.00),
    (9,0682,5000.00),
    (30,0682,20000.00),
    (64,0682,5000.00),
    (97,0682,20000.00),
    (182,0682,10000.00),
    (1,0683,5000.00),
    (7,0683,5000.00),
    (9,0683,5000.00),
    (21,0683,5000.00),
    (26,0683,NULL),
    (30,0683,20000.00),
    (34,0683,NULL),
    (44,0683,1000.00),
    (50,0683,5000.00),
    (64,0683,5000.00),
    (86,0683,5000.00),
    (91,0683,NULL),
    (97,0683,20000.00),
    (101,0683,5000.00),
    (103,0683,NULL),
    (120,0683,NULL),
    (124,0683,5000.00),
    (139,0683,5000.00),
    (147,0683,5000.00),
    (150,0683,5000.00),
    (160,0683,5000.00),
    (162,0683,NULL),
    (165,0683,5000.00),
    (167,0683,5000.00),
    (168,0683,5000.00),
    (179,0683,5000.00),
    (182,0683,10000.00),
    (30,0684,20000.00),
    (68,0684,1000.00),
    (93,0684,NULL),
    (97,0684,20000.00),
    (126,0684,5000.00),
    (144,0684,5000.00),
    (153,0684,1000.00),
    (168,0684,5000.00),
    (175,0684,5000.00),
    (177,0684,5000.00),
    (182,0684,10000.00),
    (30,0685,20000.00),
    (64,0685,5000.00),
    (68,0685,1000.00),
    (81,0685,20000.00),
    (97,0685,20000.00),
    (124,0685,NULL),
    (126,0685,5000.00),
    (144,0685,5000.00),
    (153,0685,1000.00),
    (175,0685,5000.00),
    (177,0685,5000.00),
    (182,0685,10000.00),
    (81,0690,20000.00),
    (172,0690,NULL),
    (185,0690,5000.00),
    (130,0702,20000.00),
    (89,0704,5000.00),
    (42,0705,NULL),
    (84,0705,NULL),
    (99,0705,20000.00),
    (1,0730,NULL),
    (12,0730,5000.00),
    (67,0730,NULL),
    (80,0730,10000.00),
    (81,0730,20000.00),
    (98,0730,5000.00),
    (146,0730,5000.00),
    (163,0730,NULL),
    (37,0737,20000.00),
    (81,0737,20000.00),
    (151,0737,10000.00),
    (37,0738,20000.00),
    (81,0738,20000.00),
    (151,0738,10000.00),
    (5,0740,5000.00),
    (12,0740,5000.00),
    (67,0740,NULL),
    (80,0740,10000.00),
    (81,0740,20000.00),
    (98,0740,5000.00),
    (102,0740,5000.00),
    (146,0740,5000.00),
    (163,0740,5000.00),
    (1,0741,5000.00),
    (12,0741,5000.00),
    (67,0741,NULL),
    (80,0741,10000.00),
    (81,0741,20000.00),
    (98,0741,5000.00),
    (102,0741,5000.00),
    (146,0741,5000.00),
    (12,0742,5000.00),
    (67,0742,NULL),
    (80,0742,10000.00),
    (81,0742,20000.00),
    (98,0742,5000.00),
    (102,0742,5000.00),
    (146,0742,5000.00),
    (164,0742,5000.00),
    (12,0743,5000.00),
    (19,0743,5000.00),
    (67,0743,NULL),
    (80,0743,10000.00),
    (81,0743,20000.00),
    (98,0743,5000.00),
    (102,0743,5000.00),
    (132,0743,5000.00),
    (146,0743,5000.00),
    (18,0750,20000.00),
    (1,0754,5000.00),
    (134,0754,5000.00),
    (183,0754,5000.00),
    (8,0756,10000.00),
    (10,0756,5000.00),
    (18,0756,20000.00),
    (40,0756,5000.00),
    (46,0756,NULL),
    (49,0756,5000.00),
    (51,0756,5000.00),
    (76,0756,5000.00),
    (116,0756,5000.00),
    (121,0756,5000.00),
    (125,0756,5000.00),
    (148,0756,5000.00),
    (166,0756,10000.00),
    (184,0756,5000.00),
    (18,0760,20000.00),
    (49,0760,5000.00),
    (166,0760,10000.00),
    (121,0765,5000.00),
    (129,0765,5000.00),
    (136,0765,10000.00),
    (1,0770,5000.00),
    (8,0770,10000.00),
    (18,0770,20000.00),
    (184,0770,5000.00),
    (90,0772,5000.00),
    (99,0772,20000.00),
    (157,0772,5000.00),
    (18,0774,20000.00),
    (18,0776,20000.00),
    (23,0776,1000.00),
    (72,0776,5000.00),
    (136,0776,10000.00),
    (1,0780,10000.00),
    (18,0780,20000.00),
    (60,0780,5000.00),
    (69,0780,5000.00),
    (136,0780,10000.00),
    (1,0782,10000.00),
    (18,0782,20000.00),
    (69,0782,2000.00),
    (136,0782,10000.00),
    (4,0784,5000.00),
    (18,0784,20000.00),
    (99,0784,20000.00),
    (136,0784,10000.00),
    (157,0784,5000.00),
    (16,0786,10000.00),
    (18,0786,20000.00),
    (18,0788,20000.00),
    (18,0790,20000.00),
    (136,0790,10000.00);

-- POPULATE EXPENSE TYPES
INSERT INTO expense_types (category, description, general_ledger)
VALUES
	('AUTO GAS','Community or Facilities Employees Only',633710),
	('AUTO REPAIRS','Community or Facilities Employees Only',633720),
	('BOOKS & SUBSCRIPTIONS','Newspapers, Magazines, Website Subscriptions',650620),
	('CONFERENCE FEE','Registration, Travel, Hotel - Conference Related',633610),
	('DELIGHT THE CUSTOMER','For Customer Benefit Only',680120),
	('FUND FOR FUN',NULL,633544),
	('GOLF','Business Development / Relationship Building (NO FOOD)',633570),
	('HOTEL','Room Only (NO FOOD)',633400),
	('MEALS & ENTERTAINMENT STAFF','Food and Beverages',633505),
	('MEALS & ENTERTAINMENT PROMO','Food and Beverages - Entertaining Clients',633510),
	('MEETINGS','Room or Equipment Rental - Business Meetings (NO FOOD)',633600),
	('MILEAGE','Kilometres Travelled - Personal Vehicles',633400),
	('OTHER','Miscellaneous Expenses',650800),
	('PARKING','Parking Costs - Hourly / Daily / Monthly',633400),
	('PERSONAL / PROFESSIONAL DUES, MEMBERSHIP',NULL,630020),
	('PRIZES',NULL,650800),
	('TELEPHONE','Telephone, Cell, Pager, Internet Stick',633020),
	('TRAVEL','Hotel, Ferry, Taxi, Parking, Mileage',633400);

-- POPULATE SAMPLE POLICIES
INSERT INTO policy (id, name, value)
VALUES 
	(1,'Maximum Per Diem Amount',50000.00),
	(2,'Maximum Per Meal Expense',5000.00),
	(3,'Per Mileage Reimbursement',0.48);

-- INSERT SAMPLE CLAIMS
INSERT INTO claim (claimee_id, approver_id, company_id, cost_centre_id, description, account_number, notes, status, date_created, date_modified)
VALUES
	(3,2,1,500,'Jan 31 Lunch Meeting','35289548934435',NULL,'A','2018-02-01','2018-02-01'),
  (3,2,1,538,'Feb 2 Company Dinner','35289548934435',NULL,'S','2018-02-02','2018-02-02'),
  (3,2,1,500,'Feb 8 Team Building','35289548934435',NULL,'S','2018-02-08','2018-02-08');

-- INSERT SAMPLE CLAIM ITEMS
INSERT INTO claim_item (claim_id, description, amount, comment, expense_type, no_receipt, image_url)
VALUES
  (1,'Minami - Yaletown',244.20,"Lunch with Client RE: Project A",10,1,NULL),
	(2,'The Keg - Still Creek',39025.00,"Company New Year's Dinner",9,1,NULL),
	(3,'The Edge Climbing Centre',1008.00,"Main Activity",6,1,NULL),
	(3,'Cactus Club - North Burnaby',1687.50,"Team Dinner",9,1,NULL);  

